coord,color_label,color_hex
00.00,pale-grey-background,#E8E8E8
01.00,pale-grey-background,#E8E8E8
02.00,pale-grey-background,#E8E8E8
03.00,pale-grey-background,#E8E8E8
04.00,brown-hills-dark,#AD8407
05.00,pale-grey-background,#E8E8E8
06.00,pale-grey-background,#E8E8E8
07.00,pale-grey-background,#E8E8E8
08.00,pale-grey-background,#E8E8E8
09.00,olive-green,#90B456
10.00,pale-grey-background,#E8E8E8
11.00,pale-grey-background,#E8E8E8
12.00,brown-hills-dark,#AD8407
13.00,pale-grey-background,#E8E8E8
14.00,black-icons,#070704
15.00,orange-hills,#C99400
16.00,pale-grey-background,#E8E8E8
17.00,pale-grey-background,#E8E8E8
18.00,pale-grey-background,#E8E8E8
19.00,pale-grey-background,#E8E8E8
20.00,black-icons,#070704
21.00,pale-grey-background,#E8E8E8
22.00,yellow-grass,#D6D060
23.00,pale-grey-background,#E8E8E8
24.00,pale-grey-background,#E8E8E8
25.00,pale-grey-background,#E8E8E8
26.00,pale-grey-background,#E8E8E8
27.00,pale-grey-background,#E8E8E8
28.00,pale-grey-background,#E8E8E8
29.00,pale-grey-background,#E8E8E8
30.00,brown-hills-dark,#AD8407
31.00,pale-grey-background,#E8E8E8
32.00,pale-grey-background,#E8E8E8
33.00,orange-hills,#C99400
34.00,brown-hills-dark,#AD8407
35.00,pale-grey-background,#E8E8E8
36.00,pale-grey-background,#E8E8E8
37.00,pale-grey-background,#E8E8E8
38.00,pale-grey-background,#E8E8E8
39.00,pale-grey-background,#E8E8E8
40.00,pale-grey-background,#E8E8E8
41.00,pale-grey-background,#E8E8E8
42.00,pale-grey-background,#E8E8E8
43.00,pale-grey-background,#E8E8E8
00.01,pale-grey-background,#E8E8E8
01.01,brown-hills-dark,#AD8407
02.01,pale-grey-background,#E8E8E8
03.01,pale-grey-background,#E8E8E8
04.01,pale-grey-background,#E8E8E8
05.01,pale-grey-background,#E8E8E8
06.01,pale-grey-background,#E8E8E8
07.01,brown-hills-dark,#AD8407
08.01,black-icons,#070704
09.01,brown-hills-dark,#AD8407
10.01,dark-green,#5A8914
11.01,brown-hills-dark,#AD8407
12.01,pale-grey-background,#E8E8E8
13.01,brown-hills-dark,#AD8407
14.01,brown-hills-dark,#AD8407
15.01,brown-hills-dark,#AD8407
16.01,black-icons,#070704
17.01,pale-grey-background,#E8E8E8
18.01,black-icons,#070704
19.01,brown-hills-dark,#AD8407
20.01,pale-grey-background,#E8E8E8
21.01,pale-grey-background,#E8E8E8
22.01,pale-grey-background,#E8E8E8
23.01,pale-grey-background,#E8E8E8
24.01,pale-grey-background,#E8E8E8
25.01,pale-grey-background,#E8E8E8
26.01,brown-hills-dark,#AD8407
27.01,pale-grey-background,#E8E8E8
28.01,pale-grey-background,#E8E8E8
29.01,olive-green,#90B456
30.01,pale-grey-background,#E8E8E8
31.01,pale-grey-background,#E8E8E8
32.01,pale-grey-background,#E8E8E8
33.01,brown-hills-dark,#AD8407
34.01,yellow-grass,#D6D060
35.01,pale-grey-background,#E8E8E8
36.01,pale-grey-background,#E8E8E8
37.01,orange-hills,#C99400
38.01,pale-grey-background,#E8E8E8
39.01,pale-grey-background,#E8E8E8
40.01,pale-grey-background,#E8E8E8
41.01,pale-grey-background,#E8E8E8
42.01,pale-grey-background,#E8E8E8
43.01,pale-grey-background,#E8E8E8
00.02,dark-olive,#525725
01.02,brown-hills-dark,#AD8407
02.02,brown-hills-dark,#AD8407
03.02,brown-hills-dark,#AD8407
04.02,orange-hills,#C99400
05.02,pale-grey-background,#E8E8E8
06.02,pale-grey-background,#E8E8E8
07.02,pale-grey-background,#E8E8E8
08.02,pale-grey-background,#E8E8E8
09.02,pale-grey-background,#E8E8E8
10.02,pale-grey-background,#E8E8E8
11.02,pale-grey-background,#E8E8E8
12.02,pale-grey-background,#E8E8E8
13.02,olive-green,#90B456
14.02,black-icons,#070704
15.02,pale-grey-background,#E8E8E8
16.02,pale-grey-background,#E8E8E8
17.02,pale-grey-background,#E8E8E8
18.02,black-icons,#070704
19.02,pale-grey-background,#E8E8E8
20.02,pale-grey-background,#E8E8E8
21.02,olive-green,#90B456
22.02,pale-grey-background,#E8E8E8
23.02,pale-grey-background,#E8E8E8
24.02,yellow-grass,#D6D060
25.02,pale-grey-background,#E8E8E8
26.02,yellow-grass,#D6D060
27.02,pale-grey-background,#E8E8E8
28.02,pale-grey-background,#E8E8E8
29.02,pale-grey-background,#E8E8E8
30.02,pale-grey-background,#E8E8E8
31.02,pale-grey-background,#E8E8E8
32.02,pale-grey-background,#E8E8E8
33.02,pale-grey-background,#E8E8E8
34.02,pale-grey-background,#E8E8E8
35.02,pale-grey-background,#E8E8E8
36.02,pale-grey-background,#E8E8E8
37.02,pale-grey-background,#E8E8E8
38.02,pale-grey-background,#E8E8E8
39.02,pale-grey-background,#E8E8E8
40.02,pale-grey-background,#E8E8E8
41.02,soft-green,#9DD69C
42.02,soft-green,#9DD69C
43.02,pale-grey-background,#E8E8E8
00.03,pale-grey-background,#E8E8E8
01.03,brown-hills-dark,#AD8407
02.03,orange-hills,#C99400
03.03,orange-hills,#C99400
04.03,pale-grey-background,#E8E8E8
05.03,pale-grey-background,#E8E8E8
06.03,black-icons,#070704
07.03,pale-grey-background,#E8E8E8
08.03,pale-grey-background,#E8E8E8
09.03,pale-grey-background,#E8E8E8
10.03,pale-grey-background,#E8E8E8
11.03,yellow-grass,#D6D060
12.03,pale-grey-background,#E8E8E8
13.03,orange-hills,#C99400
14.03,pale-grey-background,#E8E8E8
15.03,pale-grey-background,#E8E8E8
16.03,pale-grey-background,#E8E8E8
17.03,yellow-grass,#D6D060
18.03,black-icons,#070704
19.03,pale-grey-background,#E8E8E8
20.03,yellow-grass,#D6D060
21.03,pale-grey-background,#E8E8E8
22.03,yellow-grass,#D6D060
23.03,pale-grey-background,#E8E8E8
24.03,pale-grey-background,#E8E8E8
25.03,pale-grey-background,#E8E8E8
26.03,pale-grey-background,#E8E8E8
27.03,medium-green,#77A846
28.03,pale-grey-background,#E8E8E8
29.03,pale-grey-background,#E8E8E8
30.03,black-icons,#070704
31.03,pale-grey-background,#E8E8E8
32.03,pale-grey-background,#E8E8E8
33.03,pale-grey-background,#E8E8E8
34.03,pale-grey-background,#E8E8E8
35.03,pale-grey-background,#E8E8E8
36.03,pale-grey-background,#E8E8E8
37.03,pale-grey-background,#E8E8E8
38.03,pale-grey-background,#E8E8E8
39.03,pale-grey-background,#E8E8E8
40.03,pale-grey-background,#E8E8E8
41.03,pale-grey-background,#E8E8E8
42.03,pale-grey-background,#E8E8E8
43.03,soft-green,#9DD69C
00.04,pale-grey-background,#E8E8E8
01.04,light-blue-water,#99CCFE
02.04,brown-hills-dark,#AD8407
03.04,brown-hills-dark,#AD8407
04.04,orange-hills,#C99400
05.04,yellow-grass,#D6D060
06.04,pale-grey-background,#E8E8E8
07.04,orange-hills,#C99400
08.04,pale-grey-background,#E8E8E8
09.04,pale-grey-background,#E8E8E8
10.04,pale-grey-background,#E8E8E8
11.04,pale-grey-background,#E8E8E8
12.04,pale-grey-background,#E8E8E8
13.04,pale-grey-background,#E8E8E8
14.04,pale-grey-background,#E8E8E8
15.04,light-green,#9ED269
16.04,black-icons,#070704
17.04,pale-grey-background,#E8E8E8
18.04,pale-grey-background,#E8E8E8
19.04,olive-green,#90B456
20.04,black-icons,#070704
21.04,pale-grey-background,#E8E8E8
22.04,medium-green,#77A846
23.04,pale-grey-background,#E8E8E8
24.04,pale-grey-background,#E8E8E8
25.04,black-icons,#070704
26.04,pale-grey-background,#E8E8E8
27.04,yellow-grass,#D6D060
28.04,yellow-grass,#D6D060
29.04,pale-grey-background,#E8E8E8
30.04,dark-green,#5A8914
31.04,medium-green,#77A846
32.04,pale-grey-background,#E8E8E8
33.04,pale-grey-background,#E8E8E8
34.04,medium-green,#77A846
35.04,medium-green,#77A846
36.04,medium-green,#77A846
37.04,pale-grey-background,#E8E8E8
38.04,pale-grey-background,#E8E8E8
39.04,pale-grey-background,#E8E8E8
40.04,pale-grey-background,#E8E8E8
41.04,pale-grey-background,#E8E8E8
42.04,pale-grey-background,#E8E8E8
43.04,pale-grey-background,#E8E8E8
00.05,pale-grey-background,#E8E8E8
01.05,light-blue-water,#99CCFE
02.05,brown-hills-dark,#AD8407
03.05,brown-hills-dark,#AD8407
04.05,brown-hills-dark,#AD8407
05.05,dark-grey-outline-text,#50504F
06.05,orange-hills,#C99400
07.05,pale-grey-background,#E8E8E8
08.05,black-icons,#070704
09.05,pale-grey-background,#E8E8E8
10.05,pale-grey-background,#E8E8E8
11.05,light-yellow-grass,#E7F294
12.05,pale-grey-background,#E8E8E8
13.05,pale-grey-background,#E8E8E8
14.05,pale-grey-background,#E8E8E8
15.05,pale-grey-background,#E8E8E8
16.05,pale-grey-background,#E8E8E8
17.05,light-green,#9ED269
18.05,pale-grey-background,#E8E8E8
19.05,light-green,#9ED269
20.05,pale-grey-background,#E8E8E8
21.05,pale-grey-background,#E8E8E8
22.05,pale-grey-background,#E8E8E8
23.05,pale-grey-background,#E8E8E8
24.05,dark-green,#5A8914
25.05,pale-grey-background,#E8E8E8
26.05,pale-grey-background,#E8E8E8
27.05,pale-grey-background,#E8E8E8
28.05,pale-grey-background,#E8E8E8
29.05,pale-grey-background,#E8E8E8
30.05,pale-grey-background,#E8E8E8
31.05,pale-grey-background,#E8E8E8
32.05,medium-green,#77A846
33.05,pale-grey-background,#E8E8E8
34.05,medium-green,#77A846
35.05,pale-grey-background,#E8E8E8
36.05,pale-grey-background,#E8E8E8
37.05,pale-grey-background,#E8E8E8
38.05,medium-green,#77A846
39.05,pale-grey-background,#E8E8E8
40.05,pale-grey-background,#E8E8E8
41.05,pale-grey-background,#E8E8E8
42.05,pale-grey-background,#E8E8E8
43.05,pale-grey-background,#E8E8E8
00.06,light-blue-water,#99CCFE
01.06,light-yellow-grass,#E7F294
02.06,brown-hills-dark,#AD8407
03.06,orange-hills,#C99400
04.06,orange-hills,#C99400
05.06,yellow-grass,#D6D060
06.06,light-yellow-grass,#E7F294
07.06,light-yellow-grass,#E7F294
08.06,light-yellow-grass,#E7F294
09.06,light-yellow-grass,#E7F294
10.06,pale-grey-background,#E8E8E8
11.06,pale-grey-background,#E8E8E8
12.06,pale-grey-background,#E8E8E8
13.06,light-yellow-grass,#E7F294
14.06,pale-grey-background,#E8E8E8
15.06,pale-grey-background,#E8E8E8
16.06,pale-grey-background,#E8E8E8
17.06,light-green,#9ED269
18.06,light-green,#9ED269
19.06,pale-grey-background,#E8E8E8
20.06,pale-grey-background,#E8E8E8
21.06,black-icons,#070704
22.06,medium-green,#77A846
23.06,pale-grey-background,#E8E8E8
24.06,pale-grey-background,#E8E8E8
25.06,pale-grey-background,#E8E8E8
26.06,pale-grey-background,#E8E8E8
27.06,pale-grey-background,#E8E8E8
28.06,pale-grey-background,#E8E8E8
29.06,pale-grey-background,#E8E8E8
30.06,pale-grey-background,#E8E8E8
31.06,pale-grey-background,#E8E8E8
32.06,pale-grey-background,#E8E8E8
33.06,pale-grey-background,#E8E8E8
34.06,pale-grey-background,#E8E8E8
35.06,dark-green,#5A8914
36.06,pale-grey-background,#E8E8E8
37.06,dark-green,#5A8914
38.06,medium-green,#77A846
39.06,pale-grey-background,#E8E8E8
40.06,medium-green,#77A846
41.06,pale-grey-background,#E8E8E8
42.06,pale-grey-background,#E8E8E8
43.06,pale-grey-background,#E8E8E8
00.07,pale-grey-background,#E8E8E8
01.07,pale-grey-background,#E8E8E8
02.07,olive-green,#90B456
03.07,yellow-grass,#D6D060
04.07,yellow-grass,#D6D060
05.07,yellow-grass,#D6D060
06.07,pale-grey-background,#E8E8E8
07.07,pale-grey-background,#E8E8E8
08.07,pale-grey-background,#E8E8E8
09.07,pale-grey-background,#E8E8E8
10.07,pale-grey-background,#E8E8E8
11.07,pale-grey-background,#E8E8E8
12.07,pale-grey-background,#E8E8E8
13.07,pale-grey-background,#E8E8E8
14.07,pale-grey-background,#E8E8E8
15.07,light-green,#9ED269
16.07,pale-grey-background,#E8E8E8
17.07,yellow-grass,#D6D060
18.07,black-icons,#070704
19.07,pale-grey-background,#E8E8E8
20.07,pale-grey-background,#E8E8E8
21.07,pale-grey-background,#E8E8E8
22.07,pale-grey-background,#E8E8E8
23.07,pale-grey-background,#E8E8E8
24.07,black-icons,#070704
25.07,medium-green,#77A846
26.07,pale-grey-background,#E8E8E8
27.07,pale-grey-background,#E8E8E8
28.07,medium-green,#77A846
29.07,medium-green,#77A846
30.07,pale-grey-background,#E8E8E8
31.07,orange-hills,#C99400
32.07,pale-grey-background,#E8E8E8
33.07,pale-grey-background,#E8E8E8
34.07,pale-grey-background,#E8E8E8
35.07,pale-grey-background,#E8E8E8
36.07,pale-grey-background,#E8E8E8
37.07,dark-green,#5A8914
38.07,pale-grey-background,#E8E8E8
39.07,pale-grey-background,#E8E8E8
40.07,pale-grey-background,#E8E8E8
41.07,pale-grey-background,#E8E8E8
42.07,orange-hills,#C99400
43.07,pale-grey-background,#E8E8E8
00.08,pale-grey-background,#E8E8E8
01.08,light-yellow-grass,#E7F294
02.08,light-yellow-grass,#E7F294
03.08,light-yellow-grass,#E7F294
04.08,dark-grey-outline-text,#50504F
05.08,pale-grey-background,#E8E8E8
06.08,pale-grey-background,#E8E8E8
07.08,light-yellow-grass,#E7F294
08.08,pale-grey-background,#E8E8E8
09.08,pale-grey-background,#E8E8E8
10.08,pale-grey-background,#E8E8E8
11.08,light-green,#9ED269
12.08,pale-grey-background,#E8E8E8
13.08,light-yellow-grass,#E7F294
14.08,pale-grey-background,#E8E8E8
15.08,pale-grey-background,#E8E8E8
16.08,pale-grey-background,#E8E8E8
17.08,pale-grey-background,#E8E8E8
18.08,pale-grey-background,#E8E8E8
19.08,pale-grey-background,#E8E8E8
20.08,light-green,#9ED269
21.08,pale-grey-background,#E8E8E8
22.08,pale-grey-background,#E8E8E8
23.08,mid-grey,#A1A2A1
24.08,pale-grey-background,#E8E8E8
25.08,pale-grey-background,#E8E8E8
26.08,pale-grey-background,#E8E8E8
27.08,pale-grey-background,#E8E8E8
28.08,pale-grey-background,#E8E8E8
29.08,pale-grey-background,#E8E8E8
30.08,pale-grey-background,#E8E8E8
31.08,pale-grey-background,#E8E8E8
32.08,pale-grey-background,#E8E8E8
33.08,medium-green,#77A846
34.08,pale-grey-background,#E8E8E8
35.08,pale-grey-background,#E8E8E8
36.08,pale-grey-background,#E8E8E8
37.08,pale-grey-background,#E8E8E8
38.08,medium-green,#77A846
39.08,medium-green,#77A846
40.08,pale-grey-background,#E8E8E8
41.08,pale-grey-background,#E8E8E8
42.08,pale-grey-background,#E8E8E8
43.08,orange-hills,#C99400
00.09,light-blue-water,#99CCFE
01.09,light-yellow-grass,#E7F294
02.09,pale-grey-background,#E8E8E8
03.09,pale-grey-background,#E8E8E8
04.09,pale-grey-background,#E8E8E8
05.09,pale-grey-background,#E8E8E8
06.09,pale-grey-background,#E8E8E8
07.09,pale-grey-background,#E8E8E8
08.09,pale-grey-background,#E8E8E8
09.09,dark-green,#5A8914
10.09,yellow-grass,#D6D060
11.09,pale-grey-background,#E8E8E8
12.09,pale-grey-background,#E8E8E8
13.09,light-green,#9ED269
14.09,light-yellow-grass,#E7F294
15.09,pale-grey-background,#E8E8E8
16.09,light-yellow-grass,#E7F294
17.09,pale-grey-background,#E8E8E8
18.09,pale-grey-background,#E8E8E8
19.09,pale-grey-background,#E8E8E8
20.09,pale-grey-background,#E8E8E8
21.09,pale-grey-background,#E8E8E8
22.09,pale-grey-background,#E8E8E8
23.09,pale-grey-background,#E8E8E8
24.09,pale-grey-background,#E8E8E8
25.09,pale-grey-background,#E8E8E8
26.09,pale-grey-background,#E8E8E8
27.09,medium-green,#77A846
28.09,pale-grey-background,#E8E8E8
29.09,pale-grey-background,#E8E8E8
30.09,pale-grey-background,#E8E8E8
31.09,pale-grey-background,#E8E8E8
32.09,pale-grey-background,#E8E8E8
33.09,pale-grey-background,#E8E8E8
34.09,pale-grey-background,#E8E8E8
35.09,pale-grey-background,#E8E8E8
36.09,pale-grey-background,#E8E8E8
37.09,pale-grey-background,#E8E8E8
38.09,pale-grey-background,#E8E8E8
39.09,dark-green,#5A8914
40.09,medium-green,#77A846
41.09,medium-green,#77A846
42.09,pale-grey-background,#E8E8E8
43.09,pale-grey-background,#E8E8E8
00.10,pale-grey-background,#E8E8E8
01.10,orange-hills,#C99400
02.10,olive-green,#90B456
03.10,pale-grey-background,#E8E8E8
04.10,pale-grey-background,#E8E8E8
05.10,pale-grey-background,#E8E8E8
06.10,light-yellow-grass,#E7F294
07.10,pale-grey-background,#E8E8E8
08.10,pale-grey-background,#E8E8E8
09.10,pale-grey-background,#E8E8E8
10.10,light-green,#9ED269
11.10,pale-grey-background,#E8E8E8
12.10,pale-grey-background,#E8E8E8
13.10,light-green,#9ED269
14.10,pale-grey-background,#E8E8E8
15.10,pale-grey-background,#E8E8E8
16.10,pale-grey-background,#E8E8E8
17.10,pale-grey-background,#E8E8E8
18.10,soft-green,#9DD69C
19.10,pale-grey-background,#E8E8E8
20.10,medium-green,#77A846
21.10,pale-grey-background,#E8E8E8
22.10,light-green,#9ED269
23.10,medium-green,#77A846
24.10,pale-grey-background,#E8E8E8
25.10,pale-grey-background,#E8E8E8
26.10,pale-grey-background,#E8E8E8
27.10,pale-grey-background,#E8E8E8
28.10,pale-grey-background,#E8E8E8
29.10,medium-green,#77A846
30.10,pale-grey-background,#E8E8E8
31.10,pale-grey-background,#E8E8E8
32.10,pale-grey-background,#E8E8E8
33.10,pale-grey-background,#E8E8E8
34.10,pale-grey-background,#E8E8E8
35.10,pale-grey-background,#E8E8E8
36.10,pale-grey-background,#E8E8E8
37.10,pale-grey-background,#E8E8E8
38.10,pale-grey-background,#E8E8E8
39.10,pale-grey-background,#E8E8E8
40.10,pale-grey-background,#E8E8E8
41.10,pale-grey-background,#E8E8E8
42.10,pale-grey-background,#E8E8E8
43.10,pale-grey-background,#E8E8E8
00.11,pale-grey-background,#E8E8E8
01.11,pale-grey-background,#E8E8E8
02.11,light-yellow-grass,#E7F294
03.11,pale-grey-background,#E8E8E8
04.11,pale-grey-background,#E8E8E8
05.11,pale-grey-background,#E8E8E8
06.11,pale-grey-background,#E8E8E8
07.11,pale-grey-background,#E8E8E8
08.11,pale-grey-background,#E8E8E8
09.11,pale-grey-background,#E8E8E8
10.11,pale-grey-background,#E8E8E8
11.11,mid-grey,#A1A2A1
12.11,pale-grey-background,#E8E8E8
13.11,pale-grey-background,#E8E8E8
14.11,olive-green,#90B456
15.11,black-icons,#070704
16.11,pale-grey-background,#E8E8E8
17.11,light-green,#9ED269
18.11,pale-grey-background,#E8E8E8
19.11,pale-grey-background,#E8E8E8
20.11,pale-grey-background,#E8E8E8
21.11,pale-grey-background,#E8E8E8
22.11,pale-grey-background,#E8E8E8
23.11,light-green,#9ED269
24.11,light-green,#9ED269
25.11,pale-grey-background,#E8E8E8
26.11,pale-grey-background,#E8E8E8
27.11,pale-grey-background,#E8E8E8
28.11,pale-grey-background,#E8E8E8
29.11,pale-grey-background,#E8E8E8
30.11,pale-grey-background,#E8E8E8
31.11,pale-grey-background,#E8E8E8
32.11,pale-grey-background,#E8E8E8
33.11,pale-grey-background,#E8E8E8
34.11,pale-grey-background,#E8E8E8
35.11,pale-grey-background,#E8E8E8
36.11,pale-grey-background,#E8E8E8
37.11,pale-grey-background,#E8E8E8
38.11,pale-grey-background,#E8E8E8
39.11,pale-grey-background,#E8E8E8
40.11,pale-grey-background,#E8E8E8
41.11,pale-grey-background,#E8E8E8
42.11,pale-grey-background,#E8E8E8
43.11,pale-grey-background,#E8E8E8
00.12,pale-grey-background,#E8E8E8
01.12,pale-grey-background,#E8E8E8
02.12,pale-grey-background,#E8E8E8
03.12,pale-grey-background,#E8E8E8
04.12,pale-grey-background,#E8E8E8
05.12,black-icons,#070704
06.12,pale-grey-background,#E8E8E8
07.12,pale-grey-background,#E8E8E8
08.12,pale-grey-background,#E8E8E8
09.12,pale-grey-background,#E8E8E8
10.12,medium-green,#77A846
11.12,pale-grey-background,#E8E8E8
12.12,pale-grey-background,#E8E8E8
13.12,light-green,#9ED269
14.12,pale-grey-background,#E8E8E8
15.12,pale-grey-background,#E8E8E8
16.12,pale-grey-background,#E8E8E8
17.12,pale-grey-background,#E8E8E8
18.12,pale-grey-background,#E8E8E8
19.12,pale-grey-background,#E8E8E8
20.12,pale-grey-background,#E8E8E8
21.12,soft-green,#9DD69C
22.12,pale-grey-background,#E8E8E8
23.12,pale-grey-background,#E8E8E8
24.12,orange-hills,#C99400
25.12,pale-grey-background,#E8E8E8
26.12,pale-grey-background,#E8E8E8
27.12,light-green,#9ED269
28.12,pale-grey-background,#E8E8E8
29.12,pale-grey-background,#E8E8E8
30.12,pale-grey-background,#E8E8E8
31.12,pale-grey-background,#E8E8E8
32.12,pale-grey-background,#E8E8E8
33.12,light-yellow-grass,#E7F294
34.12,pale-grey-background,#E8E8E8
35.12,pale-grey-background,#E8E8E8
36.12,pale-grey-background,#E8E8E8
37.12,pale-grey-background,#E8E8E8
38.12,pale-grey-background,#E8E8E8
39.12,light-green,#9ED269
40.12,pale-grey-background,#E8E8E8
41.12,pale-grey-background,#E8E8E8
42.12,pale-grey-background,#E8E8E8
43.12,light-green,#9ED269
00.13,pale-grey-background,#E8E8E8
01.13,pale-grey-background,#E8E8E8
02.13,pale-grey-background,#E8E8E8
03.13,dark-green,#5A8914
04.13,pale-grey-background,#E8E8E8
05.13,pale-grey-background,#E8E8E8
06.13,pale-grey-background,#E8E8E8
07.13,pale-grey-background,#E8E8E8
08.13,pale-grey-background,#E8E8E8
09.13,pale-grey-background,#E8E8E8
10.13,pale-grey-background,#E8E8E8
11.13,pale-grey-background,#E8E8E8
12.13,pale-grey-background,#E8E8E8
13.13,pale-grey-background,#E8E8E8
14.13,pale-grey-background,#E8E8E8
15.13,light-green,#9ED269
16.13,pale-grey-background,#E8E8E8
17.13,pale-grey-background,#E8E8E8
18.13,pale-grey-background,#E8E8E8
19.13,pale-grey-background,#E8E8E8
20.13,pale-grey-background,#E8E8E8
21.13,pale-grey-background,#E8E8E8
22.13,pale-grey-background,#E8E8E8
23.13,pale-grey-background,#E8E8E8
24.13,orange-hills,#C99400
25.13,pale-grey-background,#E8E8E8
26.13,pale-grey-background,#E8E8E8
27.13,pale-grey-background,#E8E8E8
28.13,pale-grey-background,#E8E8E8
29.13,light-green,#9ED269
30.13,pale-grey-background,#E8E8E8
31.13,pale-grey-background,#E8E8E8
32.13,pale-grey-background,#E8E8E8
33.13,pale-grey-background,#E8E8E8
34.13,pale-grey-background,#E8E8E8
35.13,light-green,#9ED269
36.13,light-blue-water,#99CCFE
37.13,light-blue-water,#99CCFE
38.13,pale-grey-background,#E8E8E8
39.13,pale-grey-background,#E8E8E8
40.13,pale-grey-background,#E8E8E8
41.13,pale-grey-background,#E8E8E8
42.13,pale-grey-background,#E8E8E8
43.13,pale-grey-background,#E8E8E8
00.14,pale-grey-background,#E8E8E8
01.14,pale-grey-background,#E8E8E8
02.14,pale-grey-background,#E8E8E8
03.14,pale-grey-background,#E8E8E8
04.14,pale-grey-background,#E8E8E8
05.14,dark-green,#5A8914
06.14,pale-grey-background,#E8E8E8
07.14,pale-grey-background,#E8E8E8
08.14,pale-grey-background,#E8E8E8
09.14,pale-grey-background,#E8E8E8
10.14,pale-grey-background,#E8E8E8
11.14,pale-grey-background,#E8E8E8
12.14,pale-grey-background,#E8E8E8
13.14,pale-grey-background,#E8E8E8
14.14,dark-grey-outline-text,#50504F
15.14,pale-grey-background,#E8E8E8
16.14,pale-grey-background,#E8E8E8
17.14,light-green,#9ED269
18.14,pale-grey-background,#E8E8E8
19.14,pale-grey-background,#E8E8E8
20.14,pale-grey-background,#E8E8E8
21.14,black-icons,#070704
22.14,dark-green,#5A8914
23.14,pale-grey-background,#E8E8E8
24.14,brown-hills-dark,#AD8407
25.14,brown-hills-dark,#AD8407
26.14,brown-hills-dark,#AD8407
27.14,pale-grey-background,#E8E8E8
28.14,pale-grey-background,#E8E8E8
29.14,soft-green,#9DD69C
30.14,light-blue-water,#99CCFE
31.14,light-blue-water,#99CCFE
32.14,pale-grey-background,#E8E8E8
33.14,pale-grey-background,#E8E8E8
34.14,pale-grey-background,#E8E8E8
35.14,pale-grey-background,#E8E8E8
36.14,pale-grey-background,#E8E8E8
37.14,pale-grey-background,#E8E8E8
38.14,light-blue-water,#99CCFE
39.14,light-yellow-grass,#E7F294
40.14,light-blue-water,#99CCFE
41.14,pale-grey-background,#E8E8E8
42.14,pale-grey-background,#E8E8E8
43.14,pale-grey-background,#E8E8E8
00.15,pale-grey-background,#E8E8E8
01.15,pale-grey-background,#E8E8E8
02.15,pale-grey-background,#E8E8E8
03.15,pale-grey-background,#E8E8E8
04.15,pale-grey-background,#E8E8E8
05.15,pale-grey-background,#E8E8E8
06.15,pale-grey-background,#E8E8E8
07.15,pale-grey-background,#E8E8E8
08.15,pale-grey-background,#E8E8E8
09.15,pale-grey-background,#E8E8E8
10.15,pale-grey-background,#E8E8E8
11.15,yellow-grass,#D6D060
12.15,pale-grey-background,#E8E8E8
13.15,pale-grey-background,#E8E8E8
14.15,pale-grey-background,#E8E8E8
15.15,light-green,#9ED269
16.15,light-green,#9ED269
17.15,pale-grey-background,#E8E8E8
18.15,pale-grey-background,#E8E8E8
19.15,light-green,#9ED269
20.15,pale-grey-background,#E8E8E8
21.15,dark-olive,#525725
22.15,soft-green,#9DD69C
23.15,pale-grey-background,#E8E8E8
24.15,pale-grey-background,#E8E8E8
25.15,black-icons,#070704
26.15,brown-hills-dark,#AD8407
27.15,pale-grey-background,#E8E8E8
28.15,light-blue-water,#99CCFE
29.15,light-blue-water,#99CCFE
30.15,pale-grey-background,#E8E8E8
31.15,light-blue-water,#99CCFE
32.15,pale-grey-background,#E8E8E8
33.15,pale-grey-background,#E8E8E8
34.15,pale-grey-background,#E8E8E8
35.15,pale-grey-background,#E8E8E8
36.15,pale-grey-background,#E8E8E8
37.15,pale-grey-background,#E8E8E8
38.15,pale-grey-background,#E8E8E8
39.15,pale-grey-background,#E8E8E8
40.15,pale-grey-background,#E8E8E8
41.15,pale-grey-background,#E8E8E8
42.15,pale-grey-background,#E8E8E8
43.15,pale-grey-background,#E8E8E8
00.16,pale-grey-background,#E8E8E8
01.16,pale-grey-background,#E8E8E8
02.16,pale-grey-background,#E8E8E8
03.16,pale-grey-background,#E8E8E8
04.16,pale-grey-background,#E8E8E8
05.16,pale-grey-background,#E8E8E8
06.16,pale-grey-background,#E8E8E8
07.16,pale-grey-background,#E8E8E8
08.16,pale-grey-background,#E8E8E8
09.16,pale-grey-background,#E8E8E8
10.16,pale-grey-background,#E8E8E8
11.16,black-icons,#070704
12.16,pale-grey-background,#E8E8E8
13.16,pale-grey-background,#E8E8E8
14.16,pale-grey-background,#E8E8E8
15.16,light-green,#9ED269
16.16,light-green,#9ED269
17.16,light-green,#9ED269
18.16,light-green,#9ED269
19.16,pale-grey-background,#E8E8E8
20.16,pale-grey-background,#E8E8E8
21.16,soft-green,#9DD69C
22.16,pale-grey-background,#E8E8E8
23.16,soft-green,#9DD69C
24.16,pale-grey-background,#E8E8E8
25.16,brown-hills-dark,#AD8407
26.16,yellow-grass,#D6D060
27.16,yellow-grass,#D6D060
28.16,pale-grey-background,#E8E8E8
29.16,pale-grey-background,#E8E8E8
30.16,pale-grey-background,#E8E8E8
31.16,pale-grey-background,#E8E8E8
32.16,pale-grey-background,#E8E8E8
33.16,black-icons,#070704
34.16,pale-grey-background,#E8E8E8
35.16,pale-grey-background,#E8E8E8
36.16,pale-grey-background,#E8E8E8
37.16,pale-grey-background,#E8E8E8
38.16,pale-grey-background,#E8E8E8
39.16,pale-grey-background,#E8E8E8
40.16,pale-grey-background,#E8E8E8
41.16,pale-grey-background,#E8E8E8
42.16,pale-grey-background,#E8E8E8
43.16,pale-grey-background,#E8E8E8
00.17,pale-grey-background,#E8E8E8
01.17,pale-grey-background,#E8E8E8
02.17,light-yellow-grass,#E7F294
03.17,pale-grey-background,#E8E8E8
04.17,pale-grey-background,#E8E8E8
05.17,pale-grey-background,#E8E8E8
06.17,pale-grey-background,#E8E8E8
07.17,black-icons,#070704
08.17,pale-grey-background,#E8E8E8
09.17,pale-grey-background,#E8E8E8
10.17,pale-grey-background,#E8E8E8
11.17,pale-grey-background,#E8E8E8
12.17,pale-grey-background,#E8E8E8
13.17,black-icons,#070704
14.17,pale-grey-background,#E8E8E8
15.17,pale-grey-background,#E8E8E8
16.17,light-yellow-grass,#E7F294
17.17,pale-grey-background,#E8E8E8
18.17,pale-grey-background,#E8E8E8
19.17,pale-grey-background,#E8E8E8
20.17,yellow-grass,#D6D060
21.17,pale-grey-background,#E8E8E8
22.17,pale-grey-background,#E8E8E8
23.17,pale-grey-background,#E8E8E8
24.17,brown-hills-dark,#AD8407
25.17,brown-hills-dark,#AD8407
26.17,pale-grey-background,#E8E8E8
27.17,pale-grey-background,#E8E8E8
28.17,pale-grey-background,#E8E8E8
29.17,pale-grey-background,#E8E8E8
30.17,pale-grey-background,#E8E8E8
31.17,pale-grey-background,#E8E8E8
32.17,pale-grey-background,#E8E8E8
33.17,pale-grey-background,#E8E8E8
34.17,pale-grey-background,#E8E8E8
35.17,pale-grey-background,#E8E8E8
36.17,pale-grey-background,#E8E8E8
37.17,pale-grey-background,#E8E8E8
38.17,pale-grey-background,#E8E8E8
39.17,pale-grey-background,#E8E8E8
40.17,pale-grey-background,#E8E8E8
41.17,pale-grey-background,#E8E8E8
42.17,pale-grey-background,#E8E8E8
43.17,pale-grey-background,#E8E8E8
00.18,pale-grey-background,#E8E8E8
01.18,pale-grey-background,#E8E8E8
02.18,pale-grey-background,#E8E8E8
03.18,pale-grey-background,#E8E8E8
04.18,pale-grey-background,#E8E8E8
05.18,light-green,#9ED269
06.18,pale-grey-background,#E8E8E8
07.18,light-green,#9ED269
08.18,pale-grey-background,#E8E8E8
09.18,pale-grey-background,#E8E8E8
10.18,pale-grey-background,#E8E8E8
11.18,pale-grey-background,#E8E8E8
12.18,pale-grey-background,#E8E8E8
13.18,pale-grey-background,#E8E8E8
14.18,pale-grey-background,#E8E8E8
15.18,black-icons,#070704
16.18,pale-grey-background,#E8E8E8
17.18,light-green,#9ED269
18.18,light-green,#9ED269
19.18,pale-grey-background,#E8E8E8
20.18,pale-grey-background,#E8E8E8
21.18,pale-grey-background,#E8E8E8
22.18,pale-grey-background,#E8E8E8
23.18,brown-hills-dark,#AD8407
24.18,yellow-grass,#D6D060
25.18,soft-green,#9DD69C
26.18,soft-green,#9DD69C
27.18,light-yellow-grass,#E7F294
28.18,pale-grey-background,#E8E8E8
29.18,pale-grey-background,#E8E8E8
30.18,pale-grey-background,#E8E8E8
31.18,pale-grey-background,#E8E8E8
32.18,pale-grey-background,#E8E8E8
33.18,pale-grey-background,#E8E8E8
34.18,pale-grey-background,#E8E8E8
35.18,pale-grey-background,#E8E8E8
36.18,pale-grey-background,#E8E8E8
37.18,pale-grey-background,#E8E8E8
38.18,pale-grey-background,#E8E8E8
39.18,pale-grey-background,#E8E8E8
40.18,pale-grey-background,#E8E8E8
41.18,pale-grey-background,#E8E8E8
42.18,light-blue-water,#99CCFE
43.18,light-blue-water,#99CCFE
00.19,pale-grey-background,#E8E8E8
01.19,pale-grey-background,#E8E8E8
02.19,pale-grey-background,#E8E8E8
03.19,light-yellow-grass,#E7F294
04.19,pale-grey-background,#E8E8E8
05.19,pale-grey-background,#E8E8E8
06.19,pale-grey-background,#E8E8E8
07.19,pale-grey-background,#E8E8E8
08.19,pale-grey-background,#E8E8E8
09.19,orange-hills,#C99400
10.19,pale-grey-background,#E8E8E8
11.19,pale-grey-background,#E8E8E8
12.19,pale-grey-background,#E8E8E8
13.19,pale-grey-background,#E8E8E8
14.19,pale-grey-background,#E8E8E8
15.19,olive-green,#90B456
16.19,light-yellow-grass,#E7F294
17.19,pale-grey-background,#E8E8E8
18.19,pale-grey-background,#E8E8E8
19.19,pale-grey-background,#E8E8E8
20.19,light-yellow-grass,#E7F294
21.19,pale-grey-background,#E8E8E8
22.19,pale-grey-background,#E8E8E8
23.19,yellow-grass,#D6D060
24.19,brown-hills-dark,#AD8407
25.19,pale-grey-background,#E8E8E8
26.19,light-green,#9ED269
27.19,light-blue-water,#99CCFE
28.19,pale-grey-background,#E8E8E8
29.19,pale-grey-background,#E8E8E8
30.19,pale-grey-background,#E8E8E8
31.19,pale-grey-background,#E8E8E8
32.19,pale-grey-background,#E8E8E8
33.19,pale-grey-background,#E8E8E8
34.19,pale-grey-background,#E8E8E8
35.19,pale-grey-background,#E8E8E8
36.19,pale-grey-background,#E8E8E8
37.19,pale-grey-background,#E8E8E8
38.19,pale-grey-background,#E8E8E8
39.19,pale-grey-background,#E8E8E8
40.19,pale-grey-background,#E8E8E8
41.19,pale-grey-background,#E8E8E8
42.19,pale-grey-background,#E8E8E8
43.19,pale-grey-background,#E8E8E8
00.20,pale-grey-background,#E8E8E8
01.20,pale-grey-background,#E8E8E8
02.20,pale-grey-background,#E8E8E8
03.20,pale-grey-background,#E8E8E8
04.20,pale-grey-background,#E8E8E8
05.20,orange-hills,#C99400
06.20,pale-grey-background,#E8E8E8
07.20,pale-grey-background,#E8E8E8
08.20,yellow-grass,#D6D060
09.20,pale-grey-background,#E8E8E8
10.20,pale-grey-background,#E8E8E8
11.20,olive-green,#90B456
12.20,pale-grey-background,#E8E8E8
13.20,olive-green,#90B456
14.20,pale-grey-background,#E8E8E8
15.20,pale-grey-background,#E8E8E8
16.20,pale-grey-background,#E8E8E8
17.20,pale-grey-background,#E8E8E8
18.20,pale-grey-background,#E8E8E8
19.20,pale-grey-background,#E8E8E8
20.20,pale-grey-background,#E8E8E8
21.20,pale-grey-background,#E8E8E8
22.20,pale-grey-background,#E8E8E8
23.20,pale-grey-background,#E8E8E8
24.20,pale-grey-background,#E8E8E8
25.20,pale-grey-background,#E8E8E8
26.20,pale-grey-background,#E8E8E8
27.20,pale-grey-background,#E8E8E8
28.20,light-blue-water,#99CCFE
29.20,pale-grey-background,#E8E8E8
30.20,pale-grey-background,#E8E8E8
31.20,pale-grey-background,#E8E8E8
32.20,pale-grey-background,#E8E8E8
33.20,pale-grey-background,#E8E8E8
34.20,pale-grey-background,#E8E8E8
35.20,pale-grey-background,#E8E8E8
36.20,pale-grey-background,#E8E8E8
37.20,pale-grey-background,#E8E8E8
38.20,pale-grey-background,#E8E8E8
39.20,pale-grey-background,#E8E8E8
40.20,pale-grey-background,#E8E8E8
41.20,pale-grey-background,#E8E8E8
42.20,pale-grey-background,#E8E8E8
43.20,pale-grey-background,#E8E8E8
00.21,pale-grey-background,#E8E8E8
01.21,pale-grey-background,#E8E8E8
02.21,yellow-grass,#D6D060
03.21,pale-grey-background,#E8E8E8
04.21,pale-grey-background,#E8E8E8
05.21,pale-grey-background,#E8E8E8
06.21,pale-grey-background,#E8E8E8
07.21,light-yellow-grass,#E7F294
08.21,pale-grey-background,#E8E8E8
09.21,pale-grey-background,#E8E8E8
10.21,pale-grey-background,#E8E8E8
11.21,pale-grey-background,#E8E8E8
12.21,dark-green,#5A8914
13.21,pale-grey-background,#E8E8E8
14.21,pale-grey-background,#E8E8E8
15.21,pale-grey-background,#E8E8E8
16.21,pale-grey-background,#E8E8E8
17.21,light-yellow-grass,#E7F294
18.21,pale-grey-background,#E8E8E8
19.21,pale-grey-background,#E8E8E8
20.21,pale-grey-background,#E8E8E8
21.21,pale-grey-background,#E8E8E8
22.21,pale-grey-background,#E8E8E8
23.21,pale-grey-background,#E8E8E8
24.21,pale-grey-background,#E8E8E8
25.21,pale-grey-background,#E8E8E8
26.21,pale-grey-background,#E8E8E8
27.21,pale-grey-background,#E8E8E8
28.21,pale-grey-background,#E8E8E8
29.21,pale-grey-background,#E8E8E8
30.21,pale-grey-background,#E8E8E8
31.21,pale-grey-background,#E8E8E8
32.21,light-blue-water,#99CCFE
33.21,pale-grey-background,#E8E8E8
34.21,light-blue-water,#99CCFE
35.21,pale-grey-background,#E8E8E8
36.21,pale-grey-background,#E8E8E8
37.21,light-yellow-grass,#E7F294
38.21,pale-grey-background,#E8E8E8
39.21,pale-grey-background,#E8E8E8
40.21,pale-grey-background,#E8E8E8
41.21,pale-grey-background,#E8E8E8
42.21,pale-grey-background,#E8E8E8
43.21,pale-grey-background,#E8E8E8
00.22,pale-grey-background,#E8E8E8
01.22,pale-grey-background,#E8E8E8
02.22,pale-grey-background,#E8E8E8
03.22,pale-grey-background,#E8E8E8
04.22,pale-grey-background,#E8E8E8
05.22,pale-grey-background,#E8E8E8
06.22,pale-grey-background,#E8E8E8
07.22,pale-grey-background,#E8E8E8
08.22,pale-grey-background,#E8E8E8
09.22,light-green,#9ED269
10.22,pale-grey-background,#E8E8E8
11.22,pale-grey-background,#E8E8E8
12.22,pale-grey-background,#E8E8E8
13.22,pale-grey-background,#E8E8E8
14.22,pale-grey-background,#E8E8E8
15.22,pale-grey-background,#E8E8E8
16.22,soft-green,#9DD69C
17.22,pale-grey-background,#E8E8E8
18.22,pale-grey-background,#E8E8E8
19.22,pale-grey-background,#E8E8E8
20.22,pale-grey-background,#E8E8E8
21.22,pale-grey-background,#E8E8E8
22.22,pale-grey-background,#E8E8E8
23.22,pale-grey-background,#E8E8E8
24.22,light-green,#9ED269
25.22,pale-grey-background,#E8E8E8
26.22,pale-grey-background,#E8E8E8
27.22,pale-grey-background,#E8E8E8
28.22,pale-grey-background,#E8E8E8
29.22,pale-grey-background,#E8E8E8
30.22,pale-grey-background,#E8E8E8
31.22,pale-grey-background,#E8E8E8
32.22,pale-grey-background,#E8E8E8
33.22,pale-grey-background,#E8E8E8
34.22,pale-grey-background,#E8E8E8
35.22,pale-grey-background,#E8E8E8
36.22,pale-grey-background,#E8E8E8
37.22,pale-grey-background,#E8E8E8
38.22,pale-grey-background,#E8E8E8
39.22,pale-grey-background,#E8E8E8
40.22,pale-grey-background,#E8E8E8
41.22,pale-grey-background,#E8E8E8
42.22,pale-grey-background,#E8E8E8
43.22,light-yellow-grass,#E7F294
00.23,pale-grey-background,#E8E8E8
01.23,pale-grey-background,#E8E8E8
02.23,pale-grey-background,#E8E8E8
03.23,pale-grey-background,#E8E8E8
04.23,pale-grey-background,#E8E8E8
05.23,pale-grey-background,#E8E8E8
06.23,pale-grey-background,#E8E8E8
07.23,pale-grey-background,#E8E8E8
08.23,pale-grey-background,#E8E8E8
09.23,pale-grey-background,#E8E8E8
10.23,pale-grey-background,#E8E8E8
11.23,pale-grey-background,#E8E8E8
12.23,pale-grey-background,#E8E8E8
13.23,pale-grey-background,#E8E8E8
14.23,pale-grey-background,#E8E8E8
15.23,pale-grey-background,#E8E8E8
16.23,pale-grey-background,#E8E8E8
17.23,pale-grey-background,#E8E8E8
18.23,pale-grey-background,#E8E8E8
19.23,pale-grey-background,#E8E8E8
20.23,orange-hills,#C99400
21.23,pale-grey-background,#E8E8E8
22.23,pale-grey-background,#E8E8E8
23.23,pale-grey-background,#E8E8E8
24.23,pale-grey-background,#E8E8E8
25.23,pale-grey-background,#E8E8E8
26.23,pale-grey-background,#E8E8E8
27.23,light-yellow-grass,#E7F294
28.23,pale-grey-background,#E8E8E8
29.23,pale-grey-background,#E8E8E8
30.23,pale-grey-background,#E8E8E8
31.23,pale-grey-background,#E8E8E8
32.23,pale-grey-background,#E8E8E8
33.23,pale-grey-background,#E8E8E8
34.23,pale-grey-background,#E8E8E8
35.23,pale-grey-background,#E8E8E8
36.23,pale-grey-background,#E8E8E8
37.23,pale-grey-background,#E8E8E8
38.23,pale-grey-background,#E8E8E8
39.23,pale-grey-background,#E8E8E8
40.23,pale-grey-background,#E8E8E8
41.23,pale-grey-background,#E8E8E8
42.23,light-yellow-grass,#E7F294
43.23,pale-grey-background,#E8E8E8
00.24,pale-grey-background,#E8E8E8
01.24,pale-grey-background,#E8E8E8
02.24,pale-grey-background,#E8E8E8
03.24,pale-grey-background,#E8E8E8
04.24,pale-grey-background,#E8E8E8
05.24,mid-grey,#A1A2A1
06.24,pale-grey-background,#E8E8E8
07.24,pale-grey-background,#E8E8E8
08.24,pale-grey-background,#E8E8E8
09.24,yellow-grass,#D6D060
10.24,pale-grey-background,#E8E8E8
11.24,pale-grey-background,#E8E8E8
12.24,pale-grey-background,#E8E8E8
13.24,orange-hills,#C99400
14.24,pale-grey-background,#E8E8E8
15.24,yellow-grass,#D6D060
16.24,pale-grey-background,#E8E8E8
17.24,pale-grey-background,#E8E8E8
18.24,pale-grey-background,#E8E8E8
19.24,pale-grey-background,#E8E8E8
20.24,pale-grey-background,#E8E8E8
21.24,pale-grey-background,#E8E8E8
22.24,brown-hills-dark,#AD8407
23.24,pale-grey-background,#E8E8E8
24.24,pale-grey-background,#E8E8E8
25.24,pale-grey-background,#E8E8E8
26.24,pale-grey-background,#E8E8E8
27.24,pale-grey-background,#E8E8E8
28.24,pale-grey-background,#E8E8E8
29.24,dark-grey-outline-text,#50504F
30.24,pale-grey-background,#E8E8E8
31.24,pale-grey-background,#E8E8E8
32.24,pale-grey-background,#E8E8E8
33.24,pale-grey-background,#E8E8E8
34.24,light-yellow-grass,#E7F294
35.24,pale-grey-background,#E8E8E8
36.24,pale-grey-background,#E8E8E8
37.24,pale-grey-background,#E8E8E8
38.24,pale-grey-background,#E8E8E8
39.24,pale-grey-background,#E8E8E8
40.24,pale-grey-background,#E8E8E8
41.24,pale-grey-background,#E8E8E8
42.24,pale-grey-background,#E8E8E8
43.24,pale-grey-background,#E8E8E8
00.25,pale-grey-background,#E8E8E8
01.25,pale-grey-background,#E8E8E8
02.25,pale-grey-background,#E8E8E8
03.25,dark-grey-outline-text,#50504F
04.25,pale-grey-background,#E8E8E8
05.25,pale-grey-background,#E8E8E8
06.25,pale-grey-background,#E8E8E8
07.25,pale-grey-background,#E8E8E8
08.25,pale-grey-background,#E8E8E8
09.25,pale-grey-background,#E8E8E8
10.25,pale-grey-background,#E8E8E8
11.25,pale-grey-background,#E8E8E8
12.25,pale-grey-background,#E8E8E8
13.25,pale-grey-background,#E8E8E8
14.25,pale-grey-background,#E8E8E8
15.25,pale-grey-background,#E8E8E8
16.25,pale-grey-background,#E8E8E8
17.25,pale-grey-background,#E8E8E8
18.25,light-yellow-grass,#E7F294
19.25,pale-grey-background,#E8E8E8
20.25,pale-grey-background,#E8E8E8
21.25,pale-grey-background,#E8E8E8
22.25,pale-grey-background,#E8E8E8
23.25,pale-grey-background,#E8E8E8
24.25,light-yellow-grass,#E7F294
25.25,pale-grey-background,#E8E8E8
26.25,pale-grey-background,#E8E8E8
27.25,pale-grey-background,#E8E8E8
28.25,pale-grey-background,#E8E8E8
29.25,pale-grey-background,#E8E8E8
30.25,pale-grey-background,#E8E8E8
31.25,pale-grey-background,#E8E8E8
32.25,pale-grey-background,#E8E8E8
33.25,pale-grey-background,#E8E8E8
34.25,pale-grey-background,#E8E8E8
35.25,pale-grey-background,#E8E8E8
36.25,pale-grey-background,#E8E8E8
37.25,pale-grey-background,#E8E8E8
38.25,yellow-grass,#D6D060
39.25,pale-grey-background,#E8E8E8
40.25,pale-grey-background,#E8E8E8
41.25,pale-grey-background,#E8E8E8
42.25,pale-grey-background,#E8E8E8
43.25,pale-grey-background,#E8E8E8
00.26,pale-grey-background,#E8E8E8
01.26,pale-grey-background,#E8E8E8
02.26,pale-grey-background,#E8E8E8
03.26,yellow-grass,#D6D060
04.26,pale-grey-background,#E8E8E8
05.26,pale-grey-background,#E8E8E8
06.26,pale-grey-background,#E8E8E8
07.26,pale-grey-background,#E8E8E8
08.26,pale-grey-background,#E8E8E8
09.26,pale-grey-background,#E8E8E8
10.26,pale-grey-background,#E8E8E8
11.26,pale-grey-background,#E8E8E8
12.26,pale-grey-background,#E8E8E8
13.26,pale-grey-background,#E8E8E8
14.26,light-yellow-grass,#E7F294
15.26,pale-grey-background,#E8E8E8
16.26,pale-grey-background,#E8E8E8
17.26,pale-grey-background,#E8E8E8
18.26,pale-grey-background,#E8E8E8
19.26,pale-grey-background,#E8E8E8
20.26,pale-grey-background,#E8E8E8
21.26,pale-grey-background,#E8E8E8
22.26,pale-grey-background,#E8E8E8
23.26,pale-grey-background,#E8E8E8
24.26,pale-grey-background,#E8E8E8
25.26,pale-grey-background,#E8E8E8
26.26,pale-grey-background,#E8E8E8
27.26,pale-grey-background,#E8E8E8
28.26,pale-grey-background,#E8E8E8
29.26,pale-grey-background,#E8E8E8
30.26,pale-grey-background,#E8E8E8
31.26,pale-grey-background,#E8E8E8
32.26,pale-grey-background,#E8E8E8
33.26,pale-grey-background,#E8E8E8
34.26,pale-grey-background,#E8E8E8
35.26,pale-grey-background,#E8E8E8
36.26,pale-grey-background,#E8E8E8
37.26,pale-grey-background,#E8E8E8
38.26,light-yellow-grass,#E7F294
39.26,pale-grey-background,#E8E8E8
40.26,pale-grey-background,#E8E8E8
41.26,pale-grey-background,#E8E8E8
42.26,pale-grey-background,#E8E8E8
43.26,pale-grey-background,#E8E8E8
00.27,pale-grey-background,#E8E8E8
01.27,pale-grey-background,#E8E8E8
02.27,pale-grey-background,#E8E8E8
03.27,pale-grey-background,#E8E8E8
04.27,pale-grey-background,#E8E8E8
05.27,pale-grey-background,#E8E8E8
06.27,pale-grey-background,#E8E8E8
07.27,pale-grey-background,#E8E8E8
08.27,light-yellow-grass,#E7F294
09.27,pale-grey-background,#E8E8E8
10.27,pale-grey-background,#E8E8E8
11.27,pale-grey-background,#E8E8E8
12.27,light-yellow-grass,#E7F294
13.27,pale-grey-background,#E8E8E8
14.27,pale-grey-background,#E8E8E8
15.27,pale-grey-background,#E8E8E8
16.27,pale-grey-background,#E8E8E8
17.27,pale-grey-background,#E8E8E8
18.27,pale-grey-background,#E8E8E8
19.27,pale-grey-background,#E8E8E8
20.27,pale-grey-background,#E8E8E8
21.27,brown-hills-dark,#AD8407
22.27,pale-grey-background,#E8E8E8
23.27,pale-grey-background,#E8E8E8
24.27,pale-grey-background,#E8E8E8
25.27,pale-grey-background,#E8E8E8
26.27,pale-grey-background,#E8E8E8
27.27,light-yellow-grass,#E7F294
28.27,pale-grey-background,#E8E8E8
29.27,pale-grey-background,#E8E8E8
30.27,pale-grey-background,#E8E8E8
31.27,light-yellow-grass,#E7F294
32.27,pale-grey-background,#E8E8E8
33.27,pale-grey-background,#E8E8E8
34.27,pale-grey-background,#E8E8E8
35.27,pale-grey-background,#E8E8E8
36.27,pale-grey-background,#E8E8E8
37.27,pale-grey-background,#E8E8E8
38.27,light-yellow-grass,#E7F294
39.27,pale-grey-background,#E8E8E8
40.27,pale-grey-background,#E8E8E8
41.27,pale-grey-background,#E8E8E8
42.27,pale-grey-background,#E8E8E8
43.27,pale-grey-background,#E8E8E8
00.28,pale-grey-background,#E8E8E8
01.28,pale-grey-background,#E8E8E8
02.28,pale-grey-background,#E8E8E8
03.28,pale-grey-background,#E8E8E8
04.28,pale-grey-background,#E8E8E8
05.28,pale-grey-background,#E8E8E8
06.28,pale-grey-background,#E8E8E8
07.28,pale-grey-background,#E8E8E8
08.28,pale-grey-background,#E8E8E8
09.28,light-yellow-grass,#E7F294
10.28,pale-grey-background,#E8E8E8
11.28,pale-grey-background,#E8E8E8
12.28,pale-grey-background,#E8E8E8
13.28,pale-grey-background,#E8E8E8
14.28,pale-grey-background,#E8E8E8
15.28,light-yellow-grass,#E7F294
16.28,pale-grey-background,#E8E8E8
17.28,pale-grey-background,#E8E8E8
18.28,pale-grey-background,#E8E8E8
19.28,pale-grey-background,#E8E8E8
20.28,pale-grey-background,#E8E8E8
21.28,pale-grey-background,#E8E8E8
22.28,pale-grey-background,#E8E8E8
23.28,pale-grey-background,#E8E8E8
24.28,pale-grey-background,#E8E8E8
25.28,pale-grey-background,#E8E8E8
26.28,pale-grey-background,#E8E8E8
27.28,pale-grey-background,#E8E8E8
28.28,pale-grey-background,#E8E8E8
29.28,pale-grey-background,#E8E8E8
30.28,pale-grey-background,#E8E8E8
31.28,pale-grey-background,#E8E8E8
32.28,pale-grey-background,#E8E8E8
33.28,pale-grey-background,#E8E8E8
34.28,pale-grey-background,#E8E8E8
35.28,pale-grey-background,#E8E8E8
36.28,pale-grey-background,#E8E8E8
37.28,pale-grey-background,#E8E8E8
38.28,pale-grey-background,#E8E8E8
39.28,pale-grey-background,#E8E8E8
40.28,pale-grey-background,#E8E8E8
41.28,pale-grey-background,#E8E8E8
42.28,pale-grey-background,#E8E8E8
43.28,pale-grey-background,#E8E8E8
